id,lead_id,question_id,from_who,employee_id,to_user_id,from_admin,req_language_id,res_language_id,delivery_type,webhook_req_id,units,answer_text,entities,read,use_ai,media_url,mime_type,sid,media_thumb,is_profile,MessageUUID,qtext,is_multiparts,ip,status,msg_type,is_smart_alerted,smart_alert_users,data,created_at,updated_at
1,1,1,57,333,656,652,815,599,48,944,6,Haskell features a type system with type inference and lazy evaluation.,"Messages can be sent to and received from ports, but these messages must obey the so-called ""port protocol.""",0,1,https://source.unsplash.com/1920x1080?,sec,apparently,https://source.unsplash.com/1920x1080?,1,73181e8a-c359-4aea-8975-47d15541aff4,"The Galactic Empire is nearing completion of the Death Star, a space station with the power to destroy entire planets.",5,14.40.5.133,10,8,3,"Messages can be sent to and received from ports, but these messages must obey the so-called ""port protocol.""",Its main implementation is the Glasgow Haskell Compiler.,2024-03-26 16:46:45.111384,2024-03-26 16:46:45.111384
2,2,2,976,622,478,320,428,879,69,548,3,Do you come here often?,Ports are used to communicate with the external world.,1,1,https://source.unsplash.com/1920x1080?,german,eight,https://source.unsplash.com/1920x1080?,0,2af00ec3-fe98-406f-bfc6-492373d68e2c,"The syntax {D1,D2,...,Dn} denotes a tuple whose arguments are D1, D2, ... Dn.",8,254.13.134.128,9,6,8,It is also a garbage-collected runtime system.,Ports are created with the built-in function open_port.,2024-03-26 16:46:45.111384,2024-03-26 16:46:45.111384
3,3,3,732,412,151,960,219,276,605,661,6,Atoms are used within a program to denote distinguished values.,"In 1989 the building was heavily damaged by fire, but it has since been restored.",0,1,https://source.unsplash.com/1920x1080?,made,fisher,https://source.unsplash.com/1920x1080?,1,555d255d-3e82-46b2-90fb-0c90835aaa47,Make me a sandwich.,4,143.235.208.154,2,9,7,"In 1989 the building was heavily damaged by fire, but it has since been restored.",It is also a garbage-collected runtime system.,2024-03-26 16:46:45.111384,2024-03-26 16:46:45.111384
4,4,4,659,561,921,740,118,663,305,272,8,Any element of a tuple can be accessed in constant time.,"They are written as strings of consecutive alphanumeric characters, the first character being lowercase.",1,0,https://source.unsplash.com/1920x1080?,psp,changes,https://source.unsplash.com/1920x1080?,0,7d7c1ce3-a579-4db4-bb2e-05e74009d967,It is also a garbage-collected runtime system.,9,155.67.145.196,5,2,10,Ports are created with the built-in function open_port.,Atoms can contain any character if they are enclosed within single quotes and an escape convention exists which allows any character to be used within an atom.,2024-03-26 16:46:45.111384,2024-03-26 16:46:45.111384
5,5,5,570,227,306,243,995,259,579,735,10,"The sequential subset of Erlang supports eager evaluation, single assignment, and dynamic typing.","She spent her earliest years reading classic literature, and writing poetry.",1,1,https://source.unsplash.com/1920x1080?,hop,delete,https://source.unsplash.com/1920x1080?,1,657c07d0-7120-4822-a814-008f6f81398d,Haskell features a type system with type inference and lazy evaluation.,3,79.246.190.211,6,10,5,Ports are used to communicate with the external world.,"Messages can be sent to and received from ports, but these messages must obey the so-called ""port protocol.""",2024-03-26 16:46:45.111384,2024-03-26 16:46:45.111384
6,6,6,571,787,999,710,49,849,429,874,2,"Initially composing light-hearted and irreverent works, he also wrote serious, sombre and religious pieces beginning in the 1930s.",Its main implementation is the Glasgow Haskell Compiler.,1,1,https://source.unsplash.com/1920x1080?,emotional,quest,https://source.unsplash.com/1920x1080?,1,358e5da3-5bb6-4a2f-a87e-d4cc1c7f04a2,Atoms can contain any character if they are enclosed within single quotes and an escape convention exists which allows any character to be used within an atom.,1,219.173.0.61,7,7,8,It is also a garbage-collected runtime system.,"She spent her earliest years reading classic literature, and writing poetry.",2024-03-26 16:46:45.111384,2024-03-26 16:46:45.111384
7,7,7,816,207,915,284,695,857,499,462,5,Atoms are used within a program to denote distinguished values.,Where are my pants?,0,0,https://source.unsplash.com/1920x1080?,memorial,employer,https://source.unsplash.com/1920x1080?,1,4245caa0-d0eb-4beb-9048-5432be3d401d,"The Galactic Empire is nearing completion of the Death Star, a space station with the power to destroy entire planets.",7,136.219.231.108,1,2,2,Ports are used to communicate with the external world.,Ports are used to communicate with the external world.,2024-03-26 16:46:45.111384,2024-03-26 16:46:45.111384
8,8,8,43,761,829,448,190,13,678,553,9,Do you come here often?,"The Galactic Empire is nearing completion of the Death Star, a space station with the power to destroy entire planets.",0,1,https://source.unsplash.com/1920x1080?,firefox,seat,https://source.unsplash.com/1920x1080?,0,f2ee5ec4-99b0-4e86-9749-aee1da5047de,Do you have any idea why this is not working?,7,215.107.177.199,4,3,4,"Initially composing light-hearted and irreverent works, he also wrote serious, sombre and religious pieces beginning in the 1930s.",Ports are created with the built-in function open_port.,2024-03-26 16:46:45.111384,2024-03-26 16:46:45.111384
9,9,9,520,694,143,12,229,265,521,816,9,"The Galactic Empire is nearing completion of the Death Star, a space station with the power to destroy entire planets.",Make me a sandwich.,0,1,https://source.unsplash.com/1920x1080?,memphis,welcome,https://source.unsplash.com/1920x1080?,0,89a1a33f-0fbb-47ab-830b-735391cb023e,Haskell features a type system with type inference and lazy evaluation.,5,51.194.114.18,7,7,7,Tuples are containers for a fixed number of Erlang data types.,Type classes first appeared in the Haskell programming language.,2024-03-26 16:46:45.111384,2024-03-26 16:46:45.111384
10,10,10,756,13,808,65,556,729,621,705,2,The arguments can be primitive data types or compound data types.,"In 1989 the building was heavily damaged by fire, but it has since been restored.",1,0,https://source.unsplash.com/1920x1080?,several,idea,https://source.unsplash.com/1920x1080?,1,6b39a0b8-cd7f-41c5-b919-14b53bd0572c,Do you have any idea why this is not working?,1,85.122.53.6,3,6,9,Tuples are containers for a fixed number of Erlang data types.,Atoms can contain any character if they are enclosed within single quotes and an escape convention exists which allows any character to be used within an atom.,2024-03-26 16:46:45.111384,2024-03-26 16:46:45.111384
11,11,11,197,391,122,625,134,761,344,537,10,He looked inquisitively at his keyboard and wrote another sentence.,"In 1989 the building was heavily damaged by fire, but it has since been restored.",1,0,https://source.unsplash.com/1920x1080?,pocket,worker,https://source.unsplash.com/1920x1080?,1,24c5810c-a6b7-4e22-81a0-47dcbfac0ea0,"The syntax {D1,D2,...,Dn} denotes a tuple whose arguments are D1, D2, ... Dn.",7,182.217.237.154,10,9,10,Atoms are used within a program to denote distinguished values.,"Haskell is a standardized, general-purpose purely functional programming language, with non-strict semantics and strong static typing.",2024-03-26 16:46:45.111384,2024-03-26 16:46:45.111384
12,12,12,782,384,597,77,919,846,569,256,5,He looked inquisitively at his keyboard and wrote another sentence.,Where are my pants?,0,1,https://source.unsplash.com/1920x1080?,gnu,proper,https://source.unsplash.com/1920x1080?,0,1d88b7c7-270a-4a85-a045-f97bb3204253,Type classes first appeared in the Haskell programming language.,4,54.156.173.99,9,9,9,Haskell features a type system with type inference and lazy evaluation.,He looked inquisitively at his keyboard and wrote another sentence.,2024-03-26 16:46:45.111384,2024-03-26 16:46:45.111384
13,13,13,945,567,207,998,119,39,190,544,2,It is also a garbage-collected runtime system.,"Haskell is a standardized, general-purpose purely functional programming language, with non-strict semantics and strong static typing.",1,1,https://source.unsplash.com/1920x1080?,managed,outdoor,https://source.unsplash.com/1920x1080?,1,d28ff54d-160d-4715-99d2-1a8635034019,Do you come here often?,9,109.43.148.103,9,9,8,It is also a garbage-collected runtime system.,"Initially composing light-hearted and irreverent works, he also wrote serious, sombre and religious pieces beginning in the 1930s.",2024-03-26 16:46:45.111384,2024-03-26 16:46:45.111384
14,14,14,71,897,715,555,2,379,338,291,4,"The syntax {D1,D2,...,Dn} denotes a tuple whose arguments are D1, D2, ... Dn.","Haskell is a standardized, general-purpose purely functional programming language, with non-strict semantics and strong static typing.",1,1,https://source.unsplash.com/1920x1080?,hardcover,casual,https://source.unsplash.com/1920x1080?,0,9af81769-064d-41c2-b6e3-5ea14b9b7e49,Any element of a tuple can be accessed in constant time.,10,139.242.93.230,4,3,3,Its main implementation is the Glasgow Haskell Compiler.,"The sequential subset of Erlang supports eager evaluation, single assignment, and dynamic typing.",2024-03-26 16:46:45.111384,2024-03-26 16:46:45.111384
15,15,15,742,528,123,744,448,321,57,964,5,Any element of a tuple can be accessed in constant time.,Do you come here often?,1,0,https://source.unsplash.com/1920x1080?,rather,sing,https://source.unsplash.com/1920x1080?,0,df4b6c93-337a-47c8-bdbb-9346d47b96af,He looked inquisitively at his keyboard and wrote another sentence.,2,76.33.169.122,6,9,1,He looked inquisitively at his keyboard and wrote another sentence.,"They are written as strings of consecutive alphanumeric characters, the first character being lowercase.",2024-03-26 16:46:45.111384,2024-03-26 16:46:45.111384
16,16,16,510,605,260,697,858,899,28,598,6,"The Galactic Empire is nearing completion of the Death Star, a space station with the power to destroy entire planets.",He looked inquisitively at his keyboard and wrote another sentence.,1,0,https://source.unsplash.com/1920x1080?,heavy,holes,https://source.unsplash.com/1920x1080?,1,ea6e0fe6-da17-421e-959a-ea5bc3f97ae5,"Haskell is a standardized, general-purpose purely functional programming language, with non-strict semantics and strong static typing.",3,184.253.109.70,2,8,6,Haskell features a type system with type inference and lazy evaluation.,Do you come here often?,2024-03-26 16:46:45.111384,2024-03-26 16:46:45.111384
17,17,17,455,471,954,134,103,663,430,907,9,Do you come here often?,Atoms are used within a program to denote distinguished values.,1,1,https://source.unsplash.com/1920x1080?,specialty,interpretation,https://source.unsplash.com/1920x1080?,1,a2494bd7-5504-45f9-b805-fff2ce8e8290,Where are my pants?,4,51.206.5.9,4,10,3,"They are written as strings of consecutive alphanumeric characters, the first character being lowercase.",It is also a garbage-collected runtime system.,2024-03-26 16:46:45.111384,2024-03-26 16:46:45.111384
18,18,18,790,766,479,845,2,874,557,924,10,Its main implementation is the Glasgow Haskell Compiler.,Its main implementation is the Glasgow Haskell Compiler.,1,0,https://source.unsplash.com/1920x1080?,fame,mins,https://source.unsplash.com/1920x1080?,1,8b41270f-ae85-4f66-9a92-eff8e075ec16,I don't even care.,5,73.181.115.73,10,7,1,"The syntax {D1,D2,...,Dn} denotes a tuple whose arguments are D1, D2, ... Dn.",Ports are used to communicate with the external world.,2024-03-26 16:46:45.111384,2024-03-26 16:46:45.111384
19,19,19,580,419,847,667,138,710,898,57,4,Ports are created with the built-in function open_port.,Where are my pants?,0,1,https://source.unsplash.com/1920x1080?,sports,graph,https://source.unsplash.com/1920x1080?,1,7cea996b-c808-4040-9926-5b90bfccc2c7,Any element of a tuple can be accessed in constant time.,4,142.121.84.176,6,1,8,I don't even care.,Ports are created with the built-in function open_port.,2024-03-26 16:46:45.111384,2024-03-26 16:46:45.111384
20,20,20,765,291,53,626,153,584,814,551,5,"Initially composing light-hearted and irreverent works, he also wrote serious, sombre and religious pieces beginning in the 1930s.",Ports are used to communicate with the external world.,1,1,https://source.unsplash.com/1920x1080?,established,gloves,https://source.unsplash.com/1920x1080?,1,ebea4cd5-2425-4af6-ac87-50109c1ad629,Where are my pants?,4,76.103.40.163,6,8,1,"In 1989 the building was heavily damaged by fire, but it has since been restored.",Do you come here often?,2024-03-26 16:46:45.111384,2024-03-26 16:46:45.111384
21,21,21,197,935,766,89,176,371,673,274,6,He looked inquisitively at his keyboard and wrote another sentence.,"The Galactic Empire is nearing completion of the Death Star, a space station with the power to destroy entire planets.",0,1,https://source.unsplash.com/1920x1080?,update,main,https://source.unsplash.com/1920x1080?,1,b14aa1a7-36cf-4c74-acc6-642ecf7d1cff,"Initially composing light-hearted and irreverent works, he also wrote serious, sombre and religious pieces beginning in the 1930s.",7,248.183.72.14,1,6,8,Ports are used to communicate with the external world.,"The Galactic Empire is nearing completion of the Death Star, a space station with the power to destroy entire planets.",2024-03-26 16:46:45.111384,2024-03-26 16:46:45.111384
22,22,22,839,646,555,550,844,433,316,28,4,Haskell features a type system with type inference and lazy evaluation.,Any element of a tuple can be accessed in constant time.,1,0,https://source.unsplash.com/1920x1080?,format,push,https://source.unsplash.com/1920x1080?,0,81920be5-8be4-44a5-af74-e71bce8b0030,Atoms can contain any character if they are enclosed within single quotes and an escape convention exists which allows any character to be used within an atom.,9,145.94.194.22,8,8,6,Atoms are used within a program to denote distinguished values.,Any element of a tuple can be accessed in constant time.,2024-03-26 16:46:45.111384,2024-03-26 16:46:45.111384
23,23,23,156,407,316,39,102,340,295,938,10,The arguments can be primitive data types or compound data types.,Haskell features a type system with type inference and lazy evaluation.,0,1,https://source.unsplash.com/1920x1080?,prime,about,https://source.unsplash.com/1920x1080?,0,f0f3f598-354f-47aa-be5d-8aa59f4d2b03,"They are written as strings of consecutive alphanumeric characters, the first character being lowercase.",10,255.108.138.185,4,4,5,"The sequential subset of Erlang supports eager evaluation, single assignment, and dynamic typing.",Tuples are containers for a fixed number of Erlang data types.,2024-03-26 16:46:45.111384,2024-03-26 16:46:45.111384
24,24,24,29,158,16,183,812,982,532,984,10,The arguments can be primitive data types or compound data types.,"The Galactic Empire is nearing completion of the Death Star, a space station with the power to destroy entire planets.",0,1,https://source.unsplash.com/1920x1080?,oclc,carpet,https://source.unsplash.com/1920x1080?,1,c48cd181-ab10-47d9-96ed-26ed76db28a9,Where are my pants?,4,203.118.178.25,4,5,9,Its main implementation is the Glasgow Haskell Compiler.,"The syntax {D1,D2,...,Dn} denotes a tuple whose arguments are D1, D2, ... Dn.",2024-03-26 16:46:45.111384,2024-03-26 16:46:45.111384
25,25,25,478,979,835,714,859,380,734,62,1,"The Galactic Empire is nearing completion of the Death Star, a space station with the power to destroy entire planets.","She spent her earliest years reading classic literature, and writing poetry.",0,0,https://source.unsplash.com/1920x1080?,studies,thirty,https://source.unsplash.com/1920x1080?,0,753bfd8e-4198-4cc1-b47b-7b18e118c68e,Ports are used to communicate with the external world.,10,171.121.96.153,1,3,5,Do you have any idea why this is not working?,I don't even care.,2024-03-26 16:46:45.111384,2024-03-26 16:46:45.111384
26,26,26,515,894,193,747,631,303,309,131,4,"Messages can be sent to and received from ports, but these messages must obey the so-called ""port protocol.""",Do you come here often?,1,1,https://source.unsplash.com/1920x1080?,wed,latina,https://source.unsplash.com/1920x1080?,0,d27617ce-5774-45a3-90cd-6a08d01e2241,Haskell features a type system with type inference and lazy evaluation.,10,210.218.231.101,3,2,2,Ports are created with the built-in function open_port.,Do you come here often?,2024-03-26 16:46:45.111384,2024-03-26 16:46:45.111384
27,27,27,29,869,612,365,902,803,38,2,9,"In 1989 the building was heavily damaged by fire, but it has since been restored.",Ports are created with the built-in function open_port.,1,0,https://source.unsplash.com/1920x1080?,evil,saved,https://source.unsplash.com/1920x1080?,1,05f25ac6-960d-4810-829e-1d14be2004f8,Erlang is known for its designs that are well suited for systems.,3,119.201.194.240,3,4,2,Where are my pants?,Any element of a tuple can be accessed in constant time.,2024-03-26 16:46:45.111384,2024-03-26 16:46:45.111384
28,28,28,132,697,469,263,699,273,909,537,2,"She spent her earliest years reading classic literature, and writing poetry.",Make me a sandwich.,0,1,https://source.unsplash.com/1920x1080?,before,incorporated,https://source.unsplash.com/1920x1080?,0,46680b2c-4d28-46ca-8b01-8b489e6ad34f,"The syntax {D1,D2,...,Dn} denotes a tuple whose arguments are D1, D2, ... Dn.",3,111.171.168.162,8,6,4,"She spent her earliest years reading classic literature, and writing poetry.",Type classes first appeared in the Haskell programming language.,2024-03-26 16:46:45.111384,2024-03-26 16:46:45.111384
29,29,29,981,914,247,714,655,978,939,274,5,Tuples are containers for a fixed number of Erlang data types.,Any element of a tuple can be accessed in constant time.,0,1,https://source.unsplash.com/1920x1080?,extensive,standing,https://source.unsplash.com/1920x1080?,1,bc515c28-f224-4866-9256-c1ab59f01be8,"In 1989 the building was heavily damaged by fire, but it has since been restored.",8,99.136.227.194,5,3,6,"She spent her earliest years reading classic literature, and writing poetry.",Ports are created with the built-in function open_port.,2024-03-26 16:46:45.111384,2024-03-26 16:46:45.111384
30,30,30,855,683,941,416,210,410,159,530,6,I don't even care.,The arguments can be primitive data types or compound data types.,0,0,https://source.unsplash.com/1920x1080?,absence,marketplace,https://source.unsplash.com/1920x1080?,1,589c2b4e-58cc-46fa-8d77-fd60811ddd21,I don't even care.,1,203.233.73.182,1,6,5,Do you have any idea why this is not working?,Do you come here often?,2024-03-26 16:46:45.111384,2024-03-26 16:46:45.111384
31,31,31,360,189,671,532,405,824,357,188,5,I don't even care.,"The Galactic Empire is nearing completion of the Death Star, a space station with the power to destroy entire planets.",1,0,https://source.unsplash.com/1920x1080?,waves,provider,https://source.unsplash.com/1920x1080?,1,f3bf7019-ae74-40e8-b3b4-0b2391adbe1d,Atoms can contain any character if they are enclosed within single quotes and an escape convention exists which allows any character to be used within an atom.,9,228.131.214.10,5,10,8,Ports are used to communicate with the external world.,Make me a sandwich.,2024-03-26 16:46:45.111384,2024-03-26 16:46:45.111384
32,32,32,262,155,161,203,22,777,739,381,4,Its main implementation is the Glasgow Haskell Compiler.,"In 1989 the building was heavily damaged by fire, but it has since been restored.",1,0,https://source.unsplash.com/1920x1080?,arrangements,stick,https://source.unsplash.com/1920x1080?,1,e98c7c6a-f03a-41c5-abd3-dfb7e6b87fe4,Its main implementation is the Glasgow Haskell Compiler.,2,252.239.3.3,7,9,4,The arguments can be primitive data types or compound data types.,It is also a garbage-collected runtime system.,2024-03-26 16:46:45.111384,2024-03-26 16:46:45.111384
33,33,33,880,125,449,807,354,283,592,661,7,"They are written as strings of consecutive alphanumeric characters, the first character being lowercase.",Haskell features a type system with type inference and lazy evaluation.,1,0,https://source.unsplash.com/1920x1080?,rugby,release,https://source.unsplash.com/1920x1080?,0,3aa38205-af73-487d-881b-9d3d21d0b333,Haskell features a type system with type inference and lazy evaluation.,9,78.165.124.178,9,4,9,"Erlang is a general-purpose, concurrent, functional programming language.",He looked inquisitively at his keyboard and wrote another sentence.,2024-03-26 16:46:45.111384,2024-03-26 16:46:45.111384
34,34,34,365,849,331,694,848,917,1,35,5,I don't even care.,I don't even care.,0,0,https://source.unsplash.com/1920x1080?,potter,paintings,https://source.unsplash.com/1920x1080?,1,690e9cbf-20e4-4c35-8f8d-e9331348c956,Atoms can contain any character if they are enclosed within single quotes and an escape convention exists which allows any character to be used within an atom.,8,189.253.3.34,3,6,6,Where are my pants?,He looked inquisitively at his keyboard and wrote another sentence.,2024-03-26 16:46:45.111384,2024-03-26 16:46:45.111384
35,35,35,900,378,943,851,288,584,854,280,3,"The syntax {D1,D2,...,Dn} denotes a tuple whose arguments are D1, D2, ... Dn.",Make me a sandwich.,0,1,https://source.unsplash.com/1920x1080?,consent,religious,https://source.unsplash.com/1920x1080?,0,a3ebffc9-a91d-4af8-b6df-fa64dad10534,"Erlang is a general-purpose, concurrent, functional programming language.",3,99.169.35.197,7,2,1,Do you have any idea why this is not working?,"They are written as strings of consecutive alphanumeric characters, the first character being lowercase.",2024-03-26 16:46:45.111384,2024-03-26 16:46:45.111384
36,36,36,149,877,183,137,71,264,716,748,5,"In 1989 the building was heavily damaged by fire, but it has since been restored.",Where are my pants?,0,0,https://source.unsplash.com/1920x1080?,heart,feb,https://source.unsplash.com/1920x1080?,1,de9ca29c-a3e0-4cd6-93ca-a64ff6198360,He looked inquisitively at his keyboard and wrote another sentence.,1,21.136.61.70,5,5,1,Ports are used to communicate with the external world.,Make me a sandwich.,2024-03-26 16:46:45.111384,2024-03-26 16:46:45.111384
37,37,37,799,533,773,997,278,470,413,697,2,Atoms are used within a program to denote distinguished values.,I don't even care.,1,0,https://source.unsplash.com/1920x1080?,dead,atmosphere,https://source.unsplash.com/1920x1080?,1,9c19e8b1-ffff-4a88-aa24-2e9ae042c6d0,"Initially composing light-hearted and irreverent works, he also wrote serious, sombre and religious pieces beginning in the 1930s.",9,207.48.175.137,5,1,5,Any element of a tuple can be accessed in constant time.,The arguments can be primitive data types or compound data types.,2024-03-26 16:46:45.111384,2024-03-26 16:46:45.111384
38,38,38,370,73,48,630,360,211,816,429,5,"Initially composing light-hearted and irreverent works, he also wrote serious, sombre and religious pieces beginning in the 1930s.",Make me a sandwich.,1,0,https://source.unsplash.com/1920x1080?,chemical,xml,https://source.unsplash.com/1920x1080?,1,e0f854ca-448d-4436-a26c-f694e033f307,Haskell features a type system with type inference and lazy evaluation.,5,104.79.18.146,6,1,2,"They are written as strings of consecutive alphanumeric characters, the first character being lowercase.","Initially composing light-hearted and irreverent works, he also wrote serious, sombre and religious pieces beginning in the 1930s.",2024-03-26 16:46:45.111384,2024-03-26 16:46:45.111384
39,39,39,902,761,544,190,771,326,619,150,2,Ports are created with the built-in function open_port.,Where are my pants?,1,0,https://source.unsplash.com/1920x1080?,payments,alien,https://source.unsplash.com/1920x1080?,1,498378a7-6917-44db-b9f7-d2f1929b4f11,"She spent her earliest years reading classic literature, and writing poetry.",3,35.62.14.158,8,5,4,"Messages can be sent to and received from ports, but these messages must obey the so-called ""port protocol.""","The sequential subset of Erlang supports eager evaluation, single assignment, and dynamic typing.",2024-03-26 16:46:45.111384,2024-03-26 16:46:45.111384
40,40,40,484,47,208,110,880,717,18,294,9,"Haskell is a standardized, general-purpose purely functional programming language, with non-strict semantics and strong static typing.","Haskell is a standardized, general-purpose purely functional programming language, with non-strict semantics and strong static typing.",1,0,https://source.unsplash.com/1920x1080?,wrap,visa,https://source.unsplash.com/1920x1080?,0,38fd0727-b3b7-49d6-8ac2-e6517478aec2,"She spent her earliest years reading classic literature, and writing poetry.",10,35.139.99.86,6,1,7,Type classes first appeared in the Haskell programming language.,"They are written as strings of consecutive alphanumeric characters, the first character being lowercase.",2024-03-26 16:46:45.111384,2024-03-26 16:46:45.111384
41,41,41,438,286,537,828,688,740,248,128,5,"She spent her earliest years reading classic literature, and writing poetry.",Erlang is known for its designs that are well suited for systems.,1,0,https://source.unsplash.com/1920x1080?,locator,victoria,https://source.unsplash.com/1920x1080?,1,9688258f-11cf-4a09-8bd2-fd1677773532,Do you come here often?,9,57.19.82.176,6,9,6,Atoms can contain any character if they are enclosed within single quotes and an escape convention exists which allows any character to be used within an atom.,Where are my pants?,2024-03-26 16:46:45.111384,2024-03-26 16:46:45.111384
42,42,42,758,403,909,628,306,772,1000,489,1,Make me a sandwich.,Do you come here often?,0,1,https://source.unsplash.com/1920x1080?,delta,breaks,https://source.unsplash.com/1920x1080?,1,a110f11e-fe1c-40f9-a422-3fc9905ee879,Ports are used to communicate with the external world.,2,205.227.241.192,4,1,8,Haskell features a type system with type inference and lazy evaluation.,Atoms are used within a program to denote distinguished values.,2024-03-26 16:46:45.111384,2024-03-26 16:46:45.111384
43,43,43,536,778,487,453,759,505,859,232,8,"In 1989 the building was heavily damaged by fire, but it has since been restored.",Where are my pants?,0,0,https://source.unsplash.com/1920x1080?,elizabeth,camel,https://source.unsplash.com/1920x1080?,0,6e5d8434-27e6-46b1-80e0-596851bddecf,Any element of a tuple can be accessed in constant time.,1,254.160.68.30,5,9,6,"In 1989 the building was heavily damaged by fire, but it has since been restored.",Erlang is known for its designs that are well suited for systems.,2024-03-26 16:46:45.111384,2024-03-26 16:46:45.111384
44,44,44,501,843,203,290,702,369,502,118,8,Ports are used to communicate with the external world.,"Messages can be sent to and received from ports, but these messages must obey the so-called ""port protocol.""",0,1,https://source.unsplash.com/1920x1080?,bin,alcohol,https://source.unsplash.com/1920x1080?,0,d90e1cc6-e62e-4d1b-a417-27b89f5da038,Ports are created with the built-in function open_port.,5,205.163.78.131,6,3,4,"In 1989 the building was heavily damaged by fire, but it has since been restored.",Haskell features a type system with type inference and lazy evaluation.,2024-03-26 16:46:45.111384,2024-03-26 16:46:45.111384
45,45,45,903,326,583,635,917,365,1,659,7,Ports are used to communicate with the external world.,Type classes first appeared in the Haskell programming language.,1,1,https://source.unsplash.com/1920x1080?,significantly,cam,https://source.unsplash.com/1920x1080?,0,6f50fb14-7f99-4679-b8b9-69dd13e3c6b3,"The sequential subset of Erlang supports eager evaluation, single assignment, and dynamic typing.",1,105.224.216.255,10,5,2,Its main implementation is the Glasgow Haskell Compiler.,"The syntax {D1,D2,...,Dn} denotes a tuple whose arguments are D1, D2, ... Dn.",2024-03-26 16:46:45.111384,2024-03-26 16:46:45.111384
46,46,46,502,917,890,573,167,737,279,465,6,Do you come here often?,"In 1989 the building was heavily damaged by fire, but it has since been restored.",1,0,https://source.unsplash.com/1920x1080?,returned,regular,https://source.unsplash.com/1920x1080?,0,3a2a0734-1839-4c88-a2de-a479f19ac13f,Type classes first appeared in the Haskell programming language.,6,176.30.226.67,3,5,2,The arguments can be primitive data types or compound data types.,Where are my pants?,2024-03-26 16:46:45.111384,2024-03-26 16:46:45.111384
47,47,47,279,942,776,334,44,462,222,702,6,"Erlang is a general-purpose, concurrent, functional programming language.",Where are my pants?,0,1,https://source.unsplash.com/1920x1080?,perspective,violent,https://source.unsplash.com/1920x1080?,0,85d8b98a-7bd0-4b31-b845-3a5957f4adc2,"The sequential subset of Erlang supports eager evaluation, single assignment, and dynamic typing.",9,215.115.181.205,4,1,10,"Messages can be sent to and received from ports, but these messages must obey the so-called ""port protocol.""","Initially composing light-hearted and irreverent works, he also wrote serious, sombre and religious pieces beginning in the 1930s.",2024-03-26 16:46:45.111384,2024-03-26 16:46:45.111384
48,48,48,799,192,284,554,388,11,107,35,3,Erlang is known for its designs that are well suited for systems.,Any element of a tuple can be accessed in constant time.,0,0,https://source.unsplash.com/1920x1080?,editors,gave,https://source.unsplash.com/1920x1080?,1,8b59c36a-41e9-4c79-a1bd-944909da72a4,Do you have any idea why this is not working?,4,118.164.68.84,5,2,5,Do you come here often?,Atoms are used within a program to denote distinguished values.,2024-03-26 16:46:45.111384,2024-03-26 16:46:45.111384
49,49,49,86,765,875,902,656,337,274,667,7,"The Galactic Empire is nearing completion of the Death Star, a space station with the power to destroy entire planets.",Atoms can contain any character if they are enclosed within single quotes and an escape convention exists which allows any character to be used within an atom.,0,0,https://source.unsplash.com/1920x1080?,physics,hang,https://source.unsplash.com/1920x1080?,1,39e75026-8fcb-47f1-b7d8-14686e2b336a,Tuples are containers for a fixed number of Erlang data types.,1,190.225.162.205,4,4,6,Any element of a tuple can be accessed in constant time.,"They are written as strings of consecutive alphanumeric characters, the first character being lowercase.",2024-03-26 16:46:45.111384,2024-03-26 16:46:45.111384
50,50,50,913,989,310,55,84,637,671,403,9,Type classes first appeared in the Haskell programming language.,"Messages can be sent to and received from ports, but these messages must obey the so-called ""port protocol.""",1,1,https://source.unsplash.com/1920x1080?,amounts,ftp,https://source.unsplash.com/1920x1080?,1,ae262440-a808-4dde-8b77-9b023db18cd6,"They are written as strings of consecutive alphanumeric characters, the first character being lowercase.",7,49.55.239.6,8,2,4,Do you have any idea why this is not working?,Tuples are containers for a fixed number of Erlang data types.,2024-03-26 16:46:45.111384,2024-03-26 16:46:45.111384
51,51,51,516,291,998,869,13,210,218,923,9,"They are written as strings of consecutive alphanumeric characters, the first character being lowercase.",I don't even care.,0,0,https://source.unsplash.com/1920x1080?,plasma,pocket,https://source.unsplash.com/1920x1080?,1,e42f073a-d19a-4d3b-a7fe-8c17b7c7eb3d,Erlang is known for its designs that are well suited for systems.,1,115.94.113.191,8,5,3,"She spent her earliest years reading classic literature, and writing poetry.","Erlang is a general-purpose, concurrent, functional programming language.",2024-03-26 16:46:45.111384,2024-03-26 16:46:45.111384
52,52,52,240,367,131,779,166,680,744,982,4,Atoms are used within a program to denote distinguished values.,Where are my pants?,1,0,https://source.unsplash.com/1920x1080?,does,puzzle,https://source.unsplash.com/1920x1080?,0,a0b1638e-9d3a-4daf-b186-82fb6973f06d,"Messages can be sent to and received from ports, but these messages must obey the so-called ""port protocol.""",3,216.143.149.144,9,8,7,"Messages can be sent to and received from ports, but these messages must obey the so-called ""port protocol.""",Erlang is known for its designs that are well suited for systems.,2024-03-26 16:46:45.111384,2024-03-26 16:46:45.111384
53,53,53,49,571,761,232,132,246,115,705,2,"Erlang is a general-purpose, concurrent, functional programming language.","Haskell is a standardized, general-purpose purely functional programming language, with non-strict semantics and strong static typing.",0,1,https://source.unsplash.com/1920x1080?,quantum,friendly,https://source.unsplash.com/1920x1080?,0,05ee69fe-96fb-42c3-af08-1d3835f72c02,Make me a sandwich.,4,195.88.201.166,9,8,9,Erlang is known for its designs that are well suited for systems.,Any element of a tuple can be accessed in constant time.,2024-03-26 16:46:45.111384,2024-03-26 16:46:45.111384
54,54,54,99,301,314,379,429,524,212,400,5,It is also a garbage-collected runtime system.,Type classes first appeared in the Haskell programming language.,0,0,https://source.unsplash.com/1920x1080?,stem,marketing,https://source.unsplash.com/1920x1080?,0,e739b046-2882-43e7-9b1c-02a77bb515e6,"In 1989 the building was heavily damaged by fire, but it has since been restored.",6,149.53.123.157,2,4,10,"The syntax {D1,D2,...,Dn} denotes a tuple whose arguments are D1, D2, ... Dn.","They are written as strings of consecutive alphanumeric characters, the first character being lowercase.",2024-03-26 16:46:45.111384,2024-03-26 16:46:45.111384
55,55,55,700,129,629,121,802,612,433,727,1,Ports are created with the built-in function open_port.,Where are my pants?,0,0,https://source.unsplash.com/1920x1080?,ideas,ensuring,https://source.unsplash.com/1920x1080?,1,4b2af67b-8cda-4150-9868-003576123833,It is also a garbage-collected runtime system.,2,142.12.89.107,3,2,2,"Erlang is a general-purpose, concurrent, functional programming language.",Do you come here often?,2024-03-26 16:46:45.111384,2024-03-26 16:46:45.111384
56,56,56,367,348,321,812,521,529,947,384,1,Any element of a tuple can be accessed in constant time.,Any element of a tuple can be accessed in constant time.,0,1,https://source.unsplash.com/1920x1080?,slightly,plot,https://source.unsplash.com/1920x1080?,1,1497a9be-3844-469e-b923-9e4bc51548d4,"Initially composing light-hearted and irreverent works, he also wrote serious, sombre and religious pieces beginning in the 1930s.",7,79.253.189.118,10,7,5,"Haskell is a standardized, general-purpose purely functional programming language, with non-strict semantics and strong static typing.",Where are my pants?,2024-03-26 16:46:45.111384,2024-03-26 16:46:45.111384
57,57,57,436,497,58,693,145,251,798,975,3,"She spent her earliest years reading classic literature, and writing poetry.","Haskell is a standardized, general-purpose purely functional programming language, with non-strict semantics and strong static typing.",1,0,https://source.unsplash.com/1920x1080?,iowa,commentary,https://source.unsplash.com/1920x1080?,1,08963f0e-2d60-4caf-90b3-6eb9111d472e,Where are my pants?,7,188.210.126.137,3,4,2,"In 1989 the building was heavily damaged by fire, but it has since been restored.","Initially composing light-hearted and irreverent works, he also wrote serious, sombre and religious pieces beginning in the 1930s.",2024-03-26 16:46:45.111384,2024-03-26 16:46:45.111384
58,58,58,759,24,555,17,158,433,113,982,6,Erlang is known for its designs that are well suited for systems.,Make me a sandwich.,1,1,https://source.unsplash.com/1920x1080?,christ,microsoft,https://source.unsplash.com/1920x1080?,1,7c795b30-0e74-4578-83de-5903758aceb7,Its main implementation is the Glasgow Haskell Compiler.,3,249.126.92.237,10,10,3,Do you have any idea why this is not working?,"Messages can be sent to and received from ports, but these messages must obey the so-called ""port protocol.""",2024-03-26 16:46:45.111384,2024-03-26 16:46:45.111384
59,59,59,406,369,581,98,601,729,746,793,8,Do you come here often?,"Haskell is a standardized, general-purpose purely functional programming language, with non-strict semantics and strong static typing.",1,1,https://source.unsplash.com/1920x1080?,stewart,carl,https://source.unsplash.com/1920x1080?,1,b7805d4e-8e22-478e-b2fa-c4a19d7cb9b4,Erlang is known for its designs that are well suited for systems.,6,141.179.184.41,6,4,7,Where are my pants?,Atoms are used within a program to denote distinguished values.,2024-03-26 16:46:45.111384,2024-03-26 16:46:45.111384
60,60,60,558,905,926,23,858,714,819,905,10,Ports are used to communicate with the external world.,Do you have any idea why this is not working?,1,0,https://source.unsplash.com/1920x1080?,effort,displayed,https://source.unsplash.com/1920x1080?,1,5256854b-9b6d-4925-8a35-d468d74825e7,He looked inquisitively at his keyboard and wrote another sentence.,1,249.104.84.154,2,7,9,"Initially composing light-hearted and irreverent works, he also wrote serious, sombre and religious pieces beginning in the 1930s.",Do you have any idea why this is not working?,2024-03-26 16:46:45.111384,2024-03-26 16:46:45.111384
61,61,61,471,354,244,448,98,751,709,793,6,I don't even care.,I don't even care.,1,0,https://source.unsplash.com/1920x1080?,dolls,guns,https://source.unsplash.com/1920x1080?,0,56829d8a-7dd4-4fd1-af3f-4590f5ce65b8,Make me a sandwich.,8,9.148.194.121,2,6,4,"Initially composing light-hearted and irreverent works, he also wrote serious, sombre and religious pieces beginning in the 1930s.","Erlang is a general-purpose, concurrent, functional programming language.",2024-03-26 16:46:45.111384,2024-03-26 16:46:45.111384
62,62,62,777,594,57,15,125,571,861,909,3,Ports are created with the built-in function open_port.,Ports are used to communicate with the external world.,1,1,https://source.unsplash.com/1920x1080?,accessible,discipline,https://source.unsplash.com/1920x1080?,0,c15bf24f-5004-4656-8267-2996cd35a261,Haskell features a type system with type inference and lazy evaluation.,10,135.244.114.247,4,3,10,"Messages can be sent to and received from ports, but these messages must obey the so-called ""port protocol.""",It is also a garbage-collected runtime system.,2024-03-26 16:46:45.111384,2024-03-26 16:46:45.111384
63,63,63,974,336,247,800,605,227,609,430,10,Tuples are containers for a fixed number of Erlang data types.,Ports are used to communicate with the external world.,0,0,https://source.unsplash.com/1920x1080?,indonesia,tight,https://source.unsplash.com/1920x1080?,1,0f3f9484-9093-40a2-a693-bbd1938b8b02,Its main implementation is the Glasgow Haskell Compiler.,6,0.70.65.53,3,10,9,Any element of a tuple can be accessed in constant time.,"In 1989 the building was heavily damaged by fire, but it has since been restored.",2024-03-26 16:46:45.111384,2024-03-26 16:46:45.111384
64,64,64,905,769,203,682,6,491,218,234,7,Tuples are containers for a fixed number of Erlang data types.,Atoms are used within a program to denote distinguished values.,0,0,https://source.unsplash.com/1920x1080?,fall,sport,https://source.unsplash.com/1920x1080?,1,4d32b92a-fce9-49e9-bcf3-edb8bc92429c,Its main implementation is the Glasgow Haskell Compiler.,1,84.87.96.246,6,1,10,Where are my pants?,It is also a garbage-collected runtime system.,2024-03-26 16:46:45.111384,2024-03-26 16:46:45.111384
65,65,65,352,505,56,695,752,895,164,313,10,Atoms are used within a program to denote distinguished values.,"Erlang is a general-purpose, concurrent, functional programming language.",0,0,https://source.unsplash.com/1920x1080?,thailand,hiv,https://source.unsplash.com/1920x1080?,0,d2f8aaae-6d16-4d1a-bce9-051d11e622e6,Ports are created with the built-in function open_port.,1,255.192.205.131,7,9,9,"In 1989 the building was heavily damaged by fire, but it has since been restored.","Erlang is a general-purpose, concurrent, functional programming language.",2024-03-26 16:46:45.111384,2024-03-26 16:46:45.111384
66,66,66,986,670,884,804,554,473,505,293,3,Atoms are used within a program to denote distinguished values.,"The sequential subset of Erlang supports eager evaluation, single assignment, and dynamic typing.",0,1,https://source.unsplash.com/1920x1080?,apache,border,https://source.unsplash.com/1920x1080?,0,fa7e6307-d2d5-47ea-97dc-fdd022b5cf6b,Do you come here often?,4,157.184.98.196,3,9,3,Atoms are used within a program to denote distinguished values.,Ports are used to communicate with the external world.,2024-03-26 16:46:45.111384,2024-03-26 16:46:45.111384
67,67,67,600,916,294,385,722,445,961,822,2,He looked inquisitively at his keyboard and wrote another sentence.,Where are my pants?,1,0,https://source.unsplash.com/1920x1080?,causing,audio,https://source.unsplash.com/1920x1080?,0,4a829fbe-80f2-46e7-bf21-d3356e0b7e8a,Atoms can contain any character if they are enclosed within single quotes and an escape convention exists which allows any character to be used within an atom.,3,34.90.165.138,8,5,1,Do you have any idea why this is not working?,Atoms can contain any character if they are enclosed within single quotes and an escape convention exists which allows any character to be used within an atom.,2024-03-26 16:46:45.111384,2024-03-26 16:46:45.111384
68,68,68,554,341,911,457,636,301,538,277,10,Erlang is known for its designs that are well suited for systems.,He looked inquisitively at his keyboard and wrote another sentence.,0,1,https://source.unsplash.com/1920x1080?,quest,cal,https://source.unsplash.com/1920x1080?,1,f65e9508-dce2-40f4-938c-ea4e85374103,Tuples are containers for a fixed number of Erlang data types.,10,111.193.155.67,4,9,9,"They are written as strings of consecutive alphanumeric characters, the first character being lowercase.","They are written as strings of consecutive alphanumeric characters, the first character being lowercase.",2024-03-26 16:46:45.111384,2024-03-26 16:46:45.111384
69,69,69,853,308,521,22,757,772,434,931,8,"They are written as strings of consecutive alphanumeric characters, the first character being lowercase.",Tuples are containers for a fixed number of Erlang data types.,0,0,https://source.unsplash.com/1920x1080?,objects,represents,https://source.unsplash.com/1920x1080?,1,ab15cf22-5e2c-452a-ae4b-b9cf166ef8f4,The arguments can be primitive data types or compound data types.,9,252.143.151.123,2,1,8,Do you have any idea why this is not working?,"Messages can be sent to and received from ports, but these messages must obey the so-called ""port protocol.""",2024-03-26 16:46:45.111384,2024-03-26 16:46:45.111384
70,70,70,264,125,981,750,293,528,185,869,9,Its main implementation is the Glasgow Haskell Compiler.,Make me a sandwich.,1,0,https://source.unsplash.com/1920x1080?,immediately,invited,https://source.unsplash.com/1920x1080?,0,52265a4f-83f2-484b-a86c-e44f6fa60962,It is also a garbage-collected runtime system.,10,240.225.189.147,9,9,10,"The Galactic Empire is nearing completion of the Death Star, a space station with the power to destroy entire planets.","In 1989 the building was heavily damaged by fire, but it has since been restored.",2024-03-26 16:46:45.111384,2024-03-26 16:46:45.111384
71,71,71,660,139,418,369,387,471,674,654,9,Any element of a tuple can be accessed in constant time.,The arguments can be primitive data types or compound data types.,0,1,https://source.unsplash.com/1920x1080?,referral,space,https://source.unsplash.com/1920x1080?,1,8e71aff9-7d97-4039-9979-a119e8983f42,"She spent her earliest years reading classic literature, and writing poetry.",1,221.29.13.69,6,5,4,"Initially composing light-hearted and irreverent works, he also wrote serious, sombre and religious pieces beginning in the 1930s.",Type classes first appeared in the Haskell programming language.,2024-03-26 16:46:45.111384,2024-03-26 16:46:45.111384
72,72,72,363,496,700,157,821,463,487,549,6,"Initially composing light-hearted and irreverent works, he also wrote serious, sombre and religious pieces beginning in the 1930s.","Haskell is a standardized, general-purpose purely functional programming language, with non-strict semantics and strong static typing.",0,0,https://source.unsplash.com/1920x1080?,spectacular,steam,https://source.unsplash.com/1920x1080?,0,d498c1c1-2a17-47a2-bab8-f2296b78e06d,Atoms are used within a program to denote distinguished values.,6,230.214.190.114,6,8,1,Any element of a tuple can be accessed in constant time.,The arguments can be primitive data types or compound data types.,2024-03-26 16:46:45.111384,2024-03-26 16:46:45.111384
73,73,73,88,307,362,513,326,404,945,288,4,It is also a garbage-collected runtime system.,Do you come here often?,1,1,https://source.unsplash.com/1920x1080?,kids,larry,https://source.unsplash.com/1920x1080?,1,30a903d4-aafe-43ad-8b70-b04cb3e4cd1a,Haskell features a type system with type inference and lazy evaluation.,1,142.147.215.38,3,2,5,I don't even care.,Make me a sandwich.,2024-03-26 16:46:45.111384,2024-03-26 16:46:45.111384
74,74,74,686,153,86,628,448,916,137,221,1,Erlang is known for its designs that are well suited for systems.,Its main implementation is the Glasgow Haskell Compiler.,0,0,https://source.unsplash.com/1920x1080?,tables,minority,https://source.unsplash.com/1920x1080?,0,1f97241c-15cc-47a3-b304-3a13278ec1c9,"Initially composing light-hearted and irreverent works, he also wrote serious, sombre and religious pieces beginning in the 1930s.",1,196.118.50.22,7,10,6,"Haskell is a standardized, general-purpose purely functional programming language, with non-strict semantics and strong static typing.","Initially composing light-hearted and irreverent works, he also wrote serious, sombre and religious pieces beginning in the 1930s.",2024-03-26 16:46:45.111384,2024-03-26 16:46:45.111384
75,75,75,547,232,373,722,383,925,494,793,2,"The Galactic Empire is nearing completion of the Death Star, a space station with the power to destroy entire planets.","She spent her earliest years reading classic literature, and writing poetry.",0,1,https://source.unsplash.com/1920x1080?,devel,album,https://source.unsplash.com/1920x1080?,1,541c4f68-8f39-4cd0-b057-4a91f6e7d554,Atoms are used within a program to denote distinguished values.,2,249.23.116.80,8,7,6,"Messages can be sent to and received from ports, but these messages must obey the so-called ""port protocol.""",The arguments can be primitive data types or compound data types.,2024-03-26 16:46:45.111384,2024-03-26 16:46:45.111384
76,76,76,452,896,827,39,572,130,548,45,7,"In 1989 the building was heavily damaged by fire, but it has since been restored.","Erlang is a general-purpose, concurrent, functional programming language.",0,1,https://source.unsplash.com/1920x1080?,don,unique,https://source.unsplash.com/1920x1080?,0,5493810f-4fea-4379-b2f2-7ee667252912,"In 1989 the building was heavily damaged by fire, but it has since been restored.",1,11.109.125.162,8,6,1,Erlang is known for its designs that are well suited for systems.,"Haskell is a standardized, general-purpose purely functional programming language, with non-strict semantics and strong static typing.",2024-03-26 16:46:45.111384,2024-03-26 16:46:45.111384
77,77,77,70,307,884,629,850,807,856,972,7,I don't even care.,Make me a sandwich.,1,1,https://source.unsplash.com/1920x1080?,today,broken,https://source.unsplash.com/1920x1080?,1,751ac2c0-190f-46bc-ac4f-aed5598de27b,"Initially composing light-hearted and irreverent works, he also wrote serious, sombre and religious pieces beginning in the 1930s.",3,151.21.148.231,9,9,3,"They are written as strings of consecutive alphanumeric characters, the first character being lowercase.","The syntax {D1,D2,...,Dn} denotes a tuple whose arguments are D1, D2, ... Dn.",2024-03-26 16:46:45.111384,2024-03-26 16:46:45.111384
78,78,78,576,830,50,369,428,566,341,648,1,"The sequential subset of Erlang supports eager evaluation, single assignment, and dynamic typing.",Atoms can contain any character if they are enclosed within single quotes and an escape convention exists which allows any character to be used within an atom.,1,1,https://source.unsplash.com/1920x1080?,fi,magazine,https://source.unsplash.com/1920x1080?,1,fa1e3c00-bffc-4472-831b-0889c632368f,Haskell features a type system with type inference and lazy evaluation.,1,224.173.53.44,2,1,1,I don't even care.,Erlang is known for its designs that are well suited for systems.,2024-03-26 16:46:45.111384,2024-03-26 16:46:45.111384
79,79,79,247,377,893,376,757,890,13,890,8,Atoms can contain any character if they are enclosed within single quotes and an escape convention exists which allows any character to be used within an atom.,Type classes first appeared in the Haskell programming language.,0,0,https://source.unsplash.com/1920x1080?,checked,springs,https://source.unsplash.com/1920x1080?,0,90ef9a91-00f0-4bfe-b316-4230ab434b63,Tuples are containers for a fixed number of Erlang data types.,1,186.168.5.147,7,8,3,Make me a sandwich.,Erlang is known for its designs that are well suited for systems.,2024-03-26 16:46:45.111384,2024-03-26 16:46:45.111384
80,80,80,919,988,754,182,561,386,5,525,10,"The Galactic Empire is nearing completion of the Death Star, a space station with the power to destroy entire planets.",Type classes first appeared in the Haskell programming language.,1,1,https://source.unsplash.com/1920x1080?,statutory,pain,https://source.unsplash.com/1920x1080?,0,5b43a145-b06e-4d95-80bb-e0c2c12bce58,Erlang is known for its designs that are well suited for systems.,10,129.20.161.199,7,10,2,Atoms can contain any character if they are enclosed within single quotes and an escape convention exists which allows any character to be used within an atom.,Type classes first appeared in the Haskell programming language.,2024-03-26 16:46:45.111384,2024-03-26 16:46:45.111384
81,81,81,175,419,255,303,166,404,197,508,3,Tuples are containers for a fixed number of Erlang data types.,I don't even care.,0,0,https://source.unsplash.com/1920x1080?,through,facing,https://source.unsplash.com/1920x1080?,0,c36ffbd9-6d9d-477e-8461-2617babdb01a,"The Galactic Empire is nearing completion of the Death Star, a space station with the power to destroy entire planets.",9,237.206.20.76,3,7,10,Haskell features a type system with type inference and lazy evaluation.,"Messages can be sent to and received from ports, but these messages must obey the so-called ""port protocol.""",2024-03-26 16:46:45.111384,2024-03-26 16:46:45.111384
82,82,82,251,487,209,194,946,574,966,926,1,Tuples are containers for a fixed number of Erlang data types.,Erlang is known for its designs that are well suited for systems.,1,0,https://source.unsplash.com/1920x1080?,philosophy,import,https://source.unsplash.com/1920x1080?,0,7ae6f7f0-8994-4818-aea1-f448e5f40a88,Tuples are containers for a fixed number of Erlang data types.,6,114.25.89.11,8,6,9,"The syntax {D1,D2,...,Dn} denotes a tuple whose arguments are D1, D2, ... Dn.",Type classes first appeared in the Haskell programming language.,2024-03-26 16:46:45.111384,2024-03-26 16:46:45.111384
83,83,83,601,69,147,131,200,935,332,45,8,Any element of a tuple can be accessed in constant time.,"The Galactic Empire is nearing completion of the Death Star, a space station with the power to destroy entire planets.",0,0,https://source.unsplash.com/1920x1080?,addresses,courts,https://source.unsplash.com/1920x1080?,0,7465c343-adac-4746-b907-6432df424b82,"In 1989 the building was heavily damaged by fire, but it has since been restored.",6,113.142.161.232,5,4,6,Any element of a tuple can be accessed in constant time.,"Erlang is a general-purpose, concurrent, functional programming language.",2024-03-26 16:46:45.111384,2024-03-26 16:46:45.111384
84,84,84,732,259,968,342,79,864,443,267,8,Atoms can contain any character if they are enclosed within single quotes and an escape convention exists which allows any character to be used within an atom.,"The syntax {D1,D2,...,Dn} denotes a tuple whose arguments are D1, D2, ... Dn.",1,1,https://source.unsplash.com/1920x1080?,electricity,decade,https://source.unsplash.com/1920x1080?,1,47f93717-77ca-4ed2-9504-cff096ae63bc,Its main implementation is the Glasgow Haskell Compiler.,5,238.119.60.18,10,2,3,"Erlang is a general-purpose, concurrent, functional programming language.",Where are my pants?,2024-03-26 16:46:45.111384,2024-03-26 16:46:45.111384
85,85,85,498,585,792,581,975,279,598,730,9,"Initially composing light-hearted and irreverent works, he also wrote serious, sombre and religious pieces beginning in the 1930s.","The sequential subset of Erlang supports eager evaluation, single assignment, and dynamic typing.",1,1,https://source.unsplash.com/1920x1080?,ag,then,https://source.unsplash.com/1920x1080?,0,864b2bc2-1b6b-433c-ba99-97332a8262d2,"Erlang is a general-purpose, concurrent, functional programming language.",10,132.137.135.78,8,10,6,"In 1989 the building was heavily damaged by fire, but it has since been restored.",The arguments can be primitive data types or compound data types.,2024-03-26 16:46:45.111384,2024-03-26 16:46:45.111384
86,86,86,40,351,503,914,164,229,750,718,7,Haskell features a type system with type inference and lazy evaluation.,Where are my pants?,1,1,https://source.unsplash.com/1920x1080?,can,brian,https://source.unsplash.com/1920x1080?,0,b40872fd-066e-4113-b38d-7f14147017ee,Haskell features a type system with type inference and lazy evaluation.,10,84.123.170.40,6,4,7,Where are my pants?,The arguments can be primitive data types or compound data types.,2024-03-26 16:46:45.111384,2024-03-26 16:46:45.111384
87,87,87,232,443,60,783,700,731,2,336,2,"In 1989 the building was heavily damaged by fire, but it has since been restored.",Ports are used to communicate with the external world.,0,1,https://source.unsplash.com/1920x1080?,sc,shipped,https://source.unsplash.com/1920x1080?,1,f2652234-13a8-42cf-b4d4-d6503e39b08d,It is also a garbage-collected runtime system.,10,228.30.2.130,10,5,6,"In 1989 the building was heavily damaged by fire, but it has since been restored.",Any element of a tuple can be accessed in constant time.,2024-03-26 16:46:45.111384,2024-03-26 16:46:45.111384
88,88,88,187,443,231,715,184,813,210,610,7,Atoms are used within a program to denote distinguished values.,Atoms are used within a program to denote distinguished values.,0,1,https://source.unsplash.com/1920x1080?,highest,corporate,https://source.unsplash.com/1920x1080?,1,59fb292f-164a-4eca-8a00-eb9a2ceedc3d,Erlang is known for its designs that are well suited for systems.,6,244.36.230.45,4,8,2,"The sequential subset of Erlang supports eager evaluation, single assignment, and dynamic typing.",Its main implementation is the Glasgow Haskell Compiler.,2024-03-26 16:46:45.111384,2024-03-26 16:46:45.111384
89,89,89,442,755,282,399,751,22,56,80,2,Atoms are used within a program to denote distinguished values.,Type classes first appeared in the Haskell programming language.,1,0,https://source.unsplash.com/1920x1080?,dates,nike,https://source.unsplash.com/1920x1080?,1,8b5b47d8-b615-48c5-92e7-b49568a74ee2,Its main implementation is the Glasgow Haskell Compiler.,10,147.99.238.156,9,10,9,Its main implementation is the Glasgow Haskell Compiler.,Ports are created with the built-in function open_port.,2024-03-26 16:46:45.111384,2024-03-26 16:46:45.111384
90,90,90,562,1,329,217,128,72,151,715,10,Do you come here often?,"The sequential subset of Erlang supports eager evaluation, single assignment, and dynamic typing.",1,1,https://source.unsplash.com/1920x1080?,diff,cartridges,https://source.unsplash.com/1920x1080?,0,030457f3-64c2-435d-970d-9e8a91c33e3c,Haskell features a type system with type inference and lazy evaluation.,10,170.115.200.203,6,4,3,Type classes first appeared in the Haskell programming language.,"They are written as strings of consecutive alphanumeric characters, the first character being lowercase.",2024-03-26 16:46:45.111384,2024-03-26 16:46:45.111384
91,91,91,460,898,328,592,582,578,982,397,7,Atoms are used within a program to denote distinguished values.,Any element of a tuple can be accessed in constant time.,1,1,https://source.unsplash.com/1920x1080?,travel,arthur,https://source.unsplash.com/1920x1080?,1,102046eb-95e9-4217-ba9b-6853be2399bd,"She spent her earliest years reading classic literature, and writing poetry.",8,175.61.138.13,7,1,10,The arguments can be primitive data types or compound data types.,Ports are created with the built-in function open_port.,2024-03-26 16:46:45.111384,2024-03-26 16:46:45.111384
92,92,92,693,928,202,984,654,898,907,272,4,Tuples are containers for a fixed number of Erlang data types.,Ports are used to communicate with the external world.,0,0,https://source.unsplash.com/1920x1080?,principle,gospel,https://source.unsplash.com/1920x1080?,0,98469b9a-ab10-45a2-be7d-9d976b680cae,Tuples are containers for a fixed number of Erlang data types.,7,193.68.226.214,4,7,6,Haskell features a type system with type inference and lazy evaluation.,Its main implementation is the Glasgow Haskell Compiler.,2024-03-26 16:46:45.111384,2024-03-26 16:46:45.111384
93,93,93,194,893,823,105,845,748,322,252,2,I don't even care.,"Erlang is a general-purpose, concurrent, functional programming language.",0,0,https://source.unsplash.com/1920x1080?,nokia,womens,https://source.unsplash.com/1920x1080?,0,f3918d6d-1e38-4f47-8064-6b15c2f10244,Do you have any idea why this is not working?,1,252.80.190.65,2,5,2,Where are my pants?,"Erlang is a general-purpose, concurrent, functional programming language.",2024-03-26 16:46:45.111384,2024-03-26 16:46:45.111384
94,94,94,211,131,891,334,214,938,113,131,3,He looked inquisitively at his keyboard and wrote another sentence.,"Initially composing light-hearted and irreverent works, he also wrote serious, sombre and religious pieces beginning in the 1930s.",0,1,https://source.unsplash.com/1920x1080?,behind,agreement,https://source.unsplash.com/1920x1080?,1,48ac3219-7d03-4712-849b-3333465bed58,"Haskell is a standardized, general-purpose purely functional programming language, with non-strict semantics and strong static typing.",5,99.107.212.151,8,1,5,Tuples are containers for a fixed number of Erlang data types.,"She spent her earliest years reading classic literature, and writing poetry.",2024-03-26 16:46:45.111384,2024-03-26 16:46:45.111384
95,95,95,13,314,688,959,931,330,12,172,1,Erlang is known for its designs that are well suited for systems.,Erlang is known for its designs that are well suited for systems.,0,1,https://source.unsplash.com/1920x1080?,experimental,mi,https://source.unsplash.com/1920x1080?,0,305a217a-eb91-49a1-9799-6a13d97333bc,"Messages can be sent to and received from ports, but these messages must obey the so-called ""port protocol.""",9,144.219.82.72,2,7,10,Tuples are containers for a fixed number of Erlang data types.,Ports are used to communicate with the external world.,2024-03-26 16:46:45.111384,2024-03-26 16:46:45.111384
96,96,96,495,360,95,609,851,529,132,832,9,Ports are created with the built-in function open_port.,Where are my pants?,0,1,https://source.unsplash.com/1920x1080?,jobs,receives,https://source.unsplash.com/1920x1080?,1,c77606b5-8d3c-400a-b9c4-2706d02c7e62,"The Galactic Empire is nearing completion of the Death Star, a space station with the power to destroy entire planets.",7,219.66.22.188,10,3,3,Erlang is known for its designs that are well suited for systems.,I don't even care.,2024-03-26 16:46:45.111384,2024-03-26 16:46:45.111384
97,97,97,844,807,15,679,179,526,541,725,4,The arguments can be primitive data types or compound data types.,"They are written as strings of consecutive alphanumeric characters, the first character being lowercase.",1,0,https://source.unsplash.com/1920x1080?,par,usa,https://source.unsplash.com/1920x1080?,1,6defeef1-c3dd-45bb-9667-d614d4cd975b,Atoms can contain any character if they are enclosed within single quotes and an escape convention exists which allows any character to be used within an atom.,5,121.239.73.83,2,8,1,"In 1989 the building was heavily damaged by fire, but it has since been restored.","Haskell is a standardized, general-purpose purely functional programming language, with non-strict semantics and strong static typing.",2024-03-26 16:46:45.111384,2024-03-26 16:46:45.111384
98,98,98,922,287,341,100,953,839,571,996,10,Do you come here often?,"In 1989 the building was heavily damaged by fire, but it has since been restored.",0,1,https://source.unsplash.com/1920x1080?,nec,organic,https://source.unsplash.com/1920x1080?,0,28ad3b66-8223-4d7f-aa7f-3d87103a391e,Do you have any idea why this is not working?,7,199.108.17.6,3,10,4,Ports are created with the built-in function open_port.,Erlang is known for its designs that are well suited for systems.,2024-03-26 16:46:45.111384,2024-03-26 16:46:45.111384
99,99,99,984,246,214,853,853,162,191,663,8,Type classes first appeared in the Haskell programming language.,I don't even care.,0,1,https://source.unsplash.com/1920x1080?,located,fiction,https://source.unsplash.com/1920x1080?,1,4dd7e557-e44e-4150-888c-09ea8e791767,"The syntax {D1,D2,...,Dn} denotes a tuple whose arguments are D1, D2, ... Dn.",9,191.38.95.72,10,1,3,Where are my pants?,I don't even care.,2024-03-26 16:46:45.111384,2024-03-26 16:46:45.111384
100,100,100,141,488,538,140,50,583,651,376,3,The arguments can be primitive data types or compound data types.,"The sequential subset of Erlang supports eager evaluation, single assignment, and dynamic typing.",1,1,https://source.unsplash.com/1920x1080?,ra,relative,https://source.unsplash.com/1920x1080?,0,5c40dc53-a045-4110-b7fb-381031e1a7b6,"The sequential subset of Erlang supports eager evaluation, single assignment, and dynamic typing.",1,194.121.119.130,5,10,6,Ports are created with the built-in function open_port.,"Haskell is a standardized, general-purpose purely functional programming language, with non-strict semantics and strong static typing.",2024-03-26 16:46:45.111384,2024-03-26 16:46:45.111384
